table,block
cast_info,0
cast_info,4
cast_info,6
cast_info,7
cast_info,727
cast_info,1908
cast_info,2223
cast_info,2699
cast_info,2869
cast_info,2893
cast_info,3689
cast_info,3914
cast_info,4107
cast_info,4544
cast_info,5140
cast_info,5484
cast_info,5948
cast_info,6499
cast_info,6591
cast_info,7560
cast_info,7899
cast_info,8526
cast_info,8643
cast_info,8658
cast_info,8721
cast_info,9369
cast_info,9496
cast_info,10006
cast_info,10541
cast_info,10615
cast_info,10963
cast_info,13377
cast_info,13572
cast_info,13695
cast_info,13993
cast_info,14194
cast_info,14426
cast_info,14647
cast_info,15025
cast_info,15429
cast_info,16007
cast_info,16078
cast_info,16169
cast_info,16293
cast_info,16473
cast_info,17298
cast_info,17346
cast_info,17598
cast_info,17879
cast_info,17991
cast_info,18161
cast_info,18529
cast_info,19155
cast_info,19485
cast_info,19691
cast_info,20347
cast_info,20636
cast_info,21555
cast_info,21640
cast_info,21667
cast_info,21683
cast_info,22019
cast_info,22021
cast_info,22152
cast_info,22864
cast_info,23389
cast_info,23460
cast_info,23989
cast_info,24010
cast_info,24066
cast_info,24811
cast_info,25102
cast_info,25388
cast_info,25482
cast_info,25679
cast_info,26664
cast_info,26919
cast_info,27476
cast_info,27606
cast_info,27937
cast_info,28030
cast_info,28527
cast_info,29389
cast_info,29584
cast_info,29774
cast_info,30255
cast_info,31095
cast_info,31195
cast_info,31895
cast_info,32155
cast_info,32526
cast_info,32669
cast_info,32824
cast_info,33070
cast_info,33138
cast_info,33309
cast_info,33310
cast_info,33786
cast_info,33787
cast_info,34289
cast_info,34612
cast_info,34874
cast_info,35201
cast_info,36088
cast_info,36176
cast_info,36213
cast_info,36214
cast_info,37205
cast_info,37487
cast_info,37630
cast_info,38210
cast_info,38992
cast_info,39683
cast_info,39963
cast_info,40619
cast_info,40924
cast_info,41394
cast_info,41571
cast_info,41957
cast_info,42255
cast_info,42722
cast_info,43059
cast_info,43304
cast_info,43855
cast_info,44070
cast_info,45216
cast_info,45850
cast_info,46207
cast_info,46535
cast_info,46978
cast_info,47111
cast_info,47320
cast_info,48307
cast_info,49193
cast_info,49400
cast_info,49932
cast_info,50912
cast_info,51207
cast_info,51872
cast_info,52950
cast_info,53023
cast_info,53377
cast_info,54283
cast_info,55042
cast_info,55682
cast_info,55783
cast_info,55888
cast_info,55948
cast_info,56294
cast_info,56795
cast_info,56943
cast_info,57107
cast_info,57282
cast_info,57408
cast_info,57504
cast_info,58555
cast_info,58975
cast_info,58994
cast_info,59317
cast_info,60293
cast_info,60825
cast_info,60916
cast_info,61699
cast_info,61767
cast_info,61982
cast_info,62123
cast_info,62556
cast_info,62919
cast_info,62964
cast_info,63141
cast_info,63401
cast_info,63657
cast_info,63893
cast_info,63986
cast_info,64125
cast_info,64983
cast_info,65426
cast_info,65682
cast_info,65836
cast_info,66264
cast_info,67595
cast_info,68402
cast_info,68435
cast_info,68466
cast_info,69098
cast_info,69974
cast_info,70118
cast_info,70125
cast_info,70381
cast_info,70454
cast_info,70600
cast_info,70668
cast_info,71033
cast_info,71778
cast_info,71877
cast_info,71930
cast_info,71991
cast_info,72001
cast_info,72089
cast_info,72330
cast_info,72500
cast_info,72978
cast_info,73596
cast_info,74162
cast_info,75033
cast_info,75242
cast_info,75261
cast_info,75266
cast_info,75458
cast_info,75575
cast_info,76028
cast_info,77221
cast_info,77961
cast_info,78109
cast_info,78787
cast_info,78797
cast_info,79343
cast_info,79779
cast_info,80177
cast_info,80549
cast_info,80867
cast_info,80909
cast_info,81039
cast_info,81040
cast_info,81287
cast_info,81300
cast_info,82190
cast_info,82200
cast_info,83026
cast_info,83393
cast_info,83683
cast_info,84578
cast_info,84845
cast_info,85355
cast_info,85429
cast_info,86038
cast_info,86235
cast_info,86330
cast_info,86962
cast_info,87809
cast_info,87813
cast_info,88660
cast_info,89694
cast_info,90244
cast_info,90880
cast_info,90884
cast_info,93999
cast_info,94869
cast_info,95224
cast_info,95546
cast_info,97618
cast_info,97685
cast_info,97738
cast_info,98541
cast_info,98954
cast_info,100910
cast_info,102074
cast_info,103167
cast_info,103637
cast_info,105405
cast_info,105428
cast_info,107333
cast_info,107468
cast_info,107469
cast_info,108829
cast_info,109768
cast_info,110440
cast_info,110544
cast_info,111012
cast_info,111114
cast_info,111274
cast_info,111376
cast_info,111610
cast_info,113178
cast_info,114650
cast_info,114969
cast_info,115421
cast_info,115632
cast_info,115698
cast_info,117364
cast_info,117816
cast_info,118018
cast_info,118104
cast_info,118199
cast_info,118759
cast_info,119310
cast_info,119524
cast_info,119764
cast_info,120147
cast_info,120161
cast_info,120612
cast_info,121302
cast_info,121457
cast_info,121597
cast_info,121631
cast_info,122145
cast_info,122564
cast_info,122567
cast_info,122898
cast_info,123201
cast_info,124210
cast_info,124640
cast_info,125056
cast_info,125121
cast_info,125408
cast_info,127108
cast_info,127181
cast_info,127665
cast_info,128366
cast_info,128674
cast_info,129637
cast_info,129816
cast_info,130895
cast_info,131306
cast_info,131389
cast_info,131440
cast_info,131939
cast_info,132697
cast_info,132811
cast_info,133065
cast_info,133742
cast_info,135004
cast_info,135381
cast_info,135583
cast_info,136032
cast_info,136803
cast_info,136835
cast_info,138168
cast_info,139610
cast_info,139633
cast_info,140570
cast_info,141152
cast_info,141808
cast_info,141849
cast_info,142095
cast_info,144075
cast_info,144526
cast_info,145138
cast_info,149235
cast_info,149605
cast_info,149853
cast_info,149854
cast_info,152974
cast_info,153266
cast_info,153532
cast_info,154147
cast_info,155251
cast_info,160319
cast_info,163756
cast_info,164380
cast_info,164741
cast_info,164783
cast_info,165028
cast_info,165446
cast_info,165705
cast_info,167335
cast_info,167947
cast_info,169057
cast_info,169269
cast_info,170391
cast_info,170793
cast_info,172661
cast_info,173177
cast_info,174969
cast_info,175573
cast_info,175784
cast_info,175785
cast_info,176027
cast_info,176761
cast_info,177153
cast_info,177214
cast_info,179391
cast_info,179402
cast_info,179408
cast_info,179463
cast_info,179508
cast_info,182195
cast_info,183279
cast_info,184699
cast_info,184700
cast_info,185059
cast_info,185194
cast_info,185859
cast_info,185999
cast_info,188650
cast_info,188873
cast_info,188941
cast_info,189133
cast_info,190476
cast_info,191543
cast_info,192048
cast_info,192872
cast_info,193319
cast_info,193943
cast_info,194411
cast_info,194688
cast_info,195029
cast_info,195676
cast_info,195723
cast_info,195947
cast_info,196341
cast_info,196559
cast_info,197027
cast_info,197857
cast_info,198982
cast_info,200532
cast_info,202109
cast_info,204585
cast_info,204586
cast_info,205672
cast_info,206377
cast_info,206555
cast_info,207433
cast_info,207452
cast_info,207455
cast_info,207516
cast_info,208360
cast_info,208575
cast_info,209446
cast_info,209884
cast_info,210264
cast_info,212394
cast_info,212801
cast_info,213170
cast_info,213272
cast_info,213284
cast_info,213292
cast_info,213492
cast_info,213498
cast_info,213589
cast_info,213594
cast_info,213617
cast_info,213660
cast_info,213667
cast_info,213885
cast_info,213933
cast_info,214354
cast_info,214371
cast_info,214417
cast_info,214553
cast_info,214717
cast_info,214761
cast_info,214835
cast_info,215083
cast_info,215116
cast_info,215217
cast_info,215219
cast_info,215401
cast_info,215403
cast_info,215411
cast_info,215417
cast_info,215473
cast_info,215537
cast_info,215548
cast_info,215702
cast_info,215750
cast_info,215751
cast_info,215840
cast_info,215943
cast_info,215962
cast_info,216163
cast_info,216236
cast_info,216272
cast_info,216276
cast_info,216469
cast_info,216549
cast_info,216754
cast_info,216896
cast_info,216914
cast_info,216929
cast_info,216958
cast_info,216977
cast_info,217059
cast_info,217060
cast_info,217086
cast_info,217199
cast_info,217234
cast_info,217245
cast_info,217261
cast_info,217271
cast_info,217353
cast_info,217527
cast_info,217638
cast_info,217662
cast_info,217663
cast_info,217702
cast_info,217765
cast_info,217824
cast_info,218002
cast_info,218021
cast_info,218081
cast_info,218307
cast_info,218315
cast_info,218327
cast_info,218526
cast_info,218536
cast_info,218559
cast_info,218580
cast_info,218633
cast_info,218641
cast_info,218642
cast_info,218693
cast_info,218802
cast_info,218882
cast_info,218911
cast_info,218989
cast_info,219076
cast_info,219371
cast_info,219455
cast_info,219583
cast_info,219716
cast_info,219734
cast_info,219755
cast_info,219859
cast_info,219876
cast_info,220012
cast_info,220043
cast_info,220122
cast_info,220294
cast_info,220352
cast_info,220558
cast_info,220579
cast_info,220580
cast_info,220673
cast_info,220688
cast_info,220692
cast_info,220878
cast_info,220889
cast_info,220892
cast_info,220905
cast_info,220909
cast_info,220986
cast_info,221017
cast_info,221045
cast_info,221061
cast_info,221134
cast_info,221180
cast_info,221257
cast_info,221263
cast_info,221588
cast_info,221638
cast_info,221690
cast_info,221700
cast_info,221746
cast_info,221786
cast_info,221792
cast_info,221802
cast_info,221850
cast_info,221962
cast_info,221995
cast_info,222043
cast_info,222120
cast_info,222145
cast_info,222149
cast_info,222180
cast_info,222182
cast_info,222187
cast_info,222190
cast_info,222257
cast_info,222373
cast_info,222440
cast_info,222474
cast_info,222591
cast_info,222642
cast_info,222649
cast_info,222762
cast_info,222789
cast_info,222893
cast_info,222912
cast_info,223065
cast_info,223192
cast_info,223352
cast_info,223404
cast_info,223407
cast_info,223451
cast_info,223578
cast_info,223586
cast_info,223594
cast_info,223615
cast_info,223736
cast_info,223812
cast_info,223889
cast_info,223902
cast_info,223906
cast_info,223927
cast_info,223937
cast_info,223942
cast_info,224021
cast_info,224044
cast_info,224105
cast_info,224160
cast_info,224214
cast_info,224308
cast_info,224572
cast_info,224772
cast_info,224815
cast_info,224868
cast_info,224911
cast_info,224914
cast_info,225083
cast_info,225165
cast_info,225180
cast_info,225214
cast_info,225216
cast_info,225276
cast_info,225336
cast_info,225493
cast_info,225666
cast_info,225749
cast_info,225825
cast_info,225891
cast_info,225942
cast_info,226071
cast_info,226112
cast_info,226262
cast_info,226273
cast_info,226299
cast_info,226313
cast_info,226427
cast_info,226436
cast_info,226460
cast_info,226599
cast_info,226678
cast_info,226730
cast_info,226740
cast_info,226785
cast_info,226867
cast_info,226880
cast_info,226898
cast_info,226903
cast_info,226973
cast_info,227321
cast_info,227358
cast_info,227492
cast_info,227535
cast_info,227632
cast_info,227653
cast_info,227882
cast_info,228064
cast_info,228065
cast_info,228102
cast_info,228109
cast_info,228115
cast_info,228168
cast_info,228235
cast_info,228297
cast_info,228353
cast_info,228437
cast_info,228571
cast_info,228663
cast_info,228682
cast_info,228716
cast_info,228868
cast_info,228914
cast_info,228937
cast_info,229265
cast_info,229296
cast_info,229327
cast_info,229345
cast_info,229352
cast_info,229400
cast_info,229690
cast_info,229759
cast_info,229784
cast_info,229824
cast_info,229898
cast_info,229901
cast_info,229924
cast_info,230131
cast_info,230220
cast_info,230251
cast_info,230268
cast_info,230269
cast_info,230330
cast_info,230341
cast_info,230474
cast_info,230560
cast_info,230569
cast_info,230575
cast_info,230737
cast_info,230830
cast_info,230956
cast_info,230998
cast_info,231024
cast_info,231033
cast_info,231112
cast_info,231168
cast_info,231279
cast_info,231286
cast_info,231505
cast_info,231670
cast_info,231725
cast_info,232027
cast_info,232032
cast_info,232088
cast_info,232131
cast_info,232133
cast_info,232297
cast_info,232363
cast_info,232452
cast_info,232517
cast_info,232585
cast_info,232641
cast_info,232686
cast_info,232765
cast_info,232963
cast_info,233059
cast_info,233114
cast_info,233135
cast_info,233144
cast_info,233189
cast_info,233196
cast_info,233268
cast_info,233280
cast_info,233342
cast_info,233348
cast_info,233394
cast_info,233516
cast_info,233561
cast_info,233586
cast_info,233605
cast_info,233921
cast_info,234009
cast_info,234066
cast_info,234097
cast_info,234126
cast_info,234136
cast_info,234154
cast_info,234155
cast_info,234199
cast_info,234203
cast_info,234332
cast_info,234420
cast_info,234426
cast_info,234483
cast_info,234741
cast_info,234911
cast_info,235297
cast_info,235338
cast_info,235365
cast_info,235371
cast_info,235392
cast_info,235416
cast_info,235447
cast_info,235464
cast_info,235630
cast_info,235639
cast_info,235670
cast_info,235712
cast_info,235866
cast_info,235893
cast_info,235933
cast_info,235943
cast_info,236079
cast_info,236451
cast_info,236512
cast_info,236541
cast_info,236555
cast_info,236581
cast_info,236582
cast_info,236629
cast_info,236764
cast_info,236797
cast_info,236855
cast_info,236875
cast_info,236887
cast_info,237050
cast_info,237079
cast_info,237134
cast_info,237186
cast_info,237211
cast_info,237260
cast_info,237448
cast_info,237641
cast_info,237651
cast_info,237653
cast_info,237764
cast_info,237882
cast_info,237885
cast_info,237918
cast_info,238062
cast_info,238151
cast_info,238228
cast_info,238247
cast_info,238293
cast_info,238382
cast_info,238388
cast_info,238490
cast_info,238502
cast_info,238521
cast_info,238547
cast_info,238667
cast_info,238761
cast_info,238778
cast_info,238807
cast_info,238817
cast_info,238823
cast_info,239053
cast_info,239167
cast_info,239215
cast_info,239540
cast_info,239662
cast_info,239675
cast_info,239735
cast_info,239757
cast_info,239855
cast_info,239859
cast_info,239908
cast_info,239913
cast_info,239994
cast_info,239995
cast_info,240007
cast_info,240068
cast_info,240088
cast_info,240245
cast_info,240297
cast_info,240302
cast_info,240324
cast_info,240442
cast_info,240623
cast_info,240639
cast_info,240641
cast_info,240755
cast_info,240776
cast_info,240797
cast_info,240880
cast_info,240886
cast_info,240977
cast_info,241235
cast_info,241280
cast_info,241371
cast_info,241442
cast_info,241482
cast_info,241502
cast_info,241573
cast_info,241635
cast_info,241645
cast_info,241689
cast_info,241798
cast_info,241838
cast_info,241912
cast_info,241916
cast_info,241950
cast_info,241962
cast_info,241988
cast_info,242002
cast_info,242168
cast_info,242183
cast_info,242523
cast_info,242574
cast_info,242634
cast_info,242874
cast_info,242974
cast_info,243046
cast_info,243075
cast_info,243147
cast_info,243196
cast_info,243339
cast_info,243351
cast_info,243442
cast_info,243541
cast_info,243557
cast_info,243630
cast_info,243776
cast_info,243790
cast_info,243864
cast_info,244025
cast_info,244029
cast_info,244149
cast_info,244266
cast_info,244319
cast_info,244411
cast_info,244412
cast_info,244424
cast_info,244486
cast_info,244514
cast_info,244560
cast_info,244564
cast_info,244583
cast_info,244709
cast_info,244807
cast_info,244886
cast_info,244895
cast_info,244898
cast_info,244971
cast_info,245076
cast_info,245213
cast_info,245310
cast_info,245417
cast_info,245426
cast_info,245585
cast_info,245640
cast_info,245668
cast_info,245693
cast_info,245719
cast_info,245792
cast_info,245882
cast_info,245889
cast_info,245893
cast_info,245897
cast_info,246001
cast_info,246044
cast_info,246142
cast_info,246166
cast_info,246393
cast_info,246400
cast_info,246616
cast_info,246659
cast_info,246681
cast_info,246802
cast_info,246821
cast_info,246903
cast_info,246904
cast_info,246908
cast_info,246991
cast_info,246994
cast_info,246996
cast_info,247009
cast_info,247172
cast_info,247224
cast_info,247241
cast_info,247280
cast_info,247320
cast_info,247346
cast_info,247355
cast_info,247356
cast_info,247387
cast_info,247408
cast_info,247441
cast_info,247445
cast_info,247454
cast_info,247493
cast_info,247506
cast_info,247803
cast_info,248096
cast_info,248145
cast_info,248159
cast_info,248185
cast_info,248248
cast_info,248356
cast_info,248376
cast_info,248389
cast_info,248402
cast_info,248407
cast_info,248475
cast_info,248529
cast_info,248718
cast_info,248739
cast_info,248747
cast_info,248798
cast_info,248843
cast_info,248853
cast_info,248863
cast_info,248974
cast_info,248990
cast_info,249021
cast_info,249058
cast_info,249162
cast_info,249178
cast_info,249222
cast_info,249279
cast_info,249297
cast_info,249300
cast_info,249302
cast_info,249321
cast_info,249362
cast_info,249394
cast_info,249589
cast_info,249623
cast_info,249704
cast_info,249765
cast_info,249804
cast_info,249824
cast_info,249898
cast_info,249919
cast_info,249955
cast_info,249974
cast_info,250065
cast_info,250102
cast_info,250214
cast_info,250269
cast_info,250322
cast_info,250376
cast_info,250471
cast_info,250528
cast_info,250560
cast_info,250599
cast_info,250657
cast_info,250683
cast_info,250714
cast_info,250851
cast_info,251090
cast_info,251160
cast_info,251204
cast_info,251418
cast_info,251941
cast_info,252599
cast_info,252644
keyword,0
keyword,0
keyword,1
keyword,2
keyword,3
keyword,4
keyword,5
keyword,6
keyword,7
keyword,8
keyword,9
keyword,10
keyword,11
keyword,12
keyword,13
keyword,14
keyword,15
keyword,16
keyword,17
keyword,18
keyword,19
keyword,20
keyword,21
keyword,22
keyword,23
keyword,24
keyword,25
keyword,26
keyword,27
keyword,28
keyword,29
keyword,30
keyword,31
keyword,32
keyword,33
keyword,34
keyword,35
keyword,36
keyword,37
keyword,38
keyword,39
keyword,40
keyword,41
keyword,42
keyword,43
keyword,44
keyword,45
keyword,46
keyword,47
keyword,48
keyword,49
keyword,50
keyword,51
keyword,52
keyword,53
keyword,54
keyword,55
keyword,56
keyword,57
keyword,58
keyword,59
keyword,60
keyword,61
keyword,62
keyword,63
keyword,64
keyword,65
keyword,66
keyword,67
keyword,68
keyword,69
keyword,70
keyword,71
keyword,72
keyword,73
keyword,74
keyword,75
keyword,76
keyword,77
keyword,78
keyword,79
keyword,80
keyword,81
keyword,82
keyword,83
keyword,84
keyword,85
keyword,86
keyword,87
keyword,88
keyword,89
keyword,90
keyword,91
keyword,92
keyword,93
keyword,94
keyword,95
keyword,96
keyword,97
keyword,98
keyword,99
keyword,100
keyword,101
keyword,102
keyword,103
keyword,104
keyword,105
keyword,106
keyword,107
keyword,108
keyword,109
keyword,110
keyword,111
keyword,112
keyword,113
keyword,114
keyword,115
keyword,116
keyword,117
keyword,118
keyword,119
keyword,120
keyword,121
keyword,122
keyword,123
keyword,124
keyword,125
keyword,126
keyword,127
keyword,128
keyword,129
keyword,130
keyword,131
keyword,132
keyword,133
keyword,134
keyword,135
keyword,136
keyword,137
keyword,138
keyword,139
keyword,140
keyword,141
keyword,142
keyword,143
keyword,144
keyword,145
keyword,146
keyword,147
keyword,148
keyword,149
keyword,150
keyword,151
keyword,152
keyword,153
keyword,154
keyword,155
keyword,156
keyword,157
keyword,158
keyword,159
keyword,160
keyword,161
keyword,162
keyword,163
keyword,164
keyword,165
keyword,166
keyword,167
keyword,168
keyword,169
keyword,170
keyword,171
keyword,172
keyword,173
keyword,174
keyword,175
keyword,176
keyword,177
keyword,178
keyword,179
keyword,180
keyword,181
keyword,182
keyword,183
keyword,184
keyword,185
keyword,186
keyword,187
keyword,188
keyword,189
keyword,190
keyword,191
keyword,192
keyword,193
keyword,194
keyword,195
keyword,196
keyword,197
keyword,198
keyword,199
keyword,200
keyword,201
keyword,202
keyword,203
keyword,204
keyword,205
keyword,206
keyword,207
keyword,208
keyword,209
keyword,210
keyword,211
keyword,212
keyword,213
keyword,214
keyword,215
keyword,216
keyword,217
keyword,218
keyword,219
keyword,220
keyword,221
keyword,222
keyword,223
keyword,224
keyword,225
keyword,226
keyword,227
keyword,228
keyword,229
keyword,230
keyword,231
keyword,232
keyword,233
keyword,234
keyword,235
keyword,236
keyword,237
keyword,238
keyword,239
keyword,240
keyword,241
keyword,242
keyword,243
keyword,244
keyword,245
keyword,246
keyword,247
keyword,248
keyword,249
keyword,250
keyword,251
keyword,252
keyword,253
keyword,254
keyword,255
keyword,256
keyword,257
keyword,258
keyword,259
keyword,260
keyword,261
keyword,262
keyword,263
keyword,264
keyword,265
keyword,266
keyword,267
keyword,268
keyword,269
keyword,270
keyword,271
keyword,272
keyword,273
keyword,274
keyword,275
keyword,276
keyword,277
keyword,278
keyword,279
keyword,280
keyword,281
keyword,282
keyword,283
keyword,284
keyword,285
keyword,286
keyword,287
keyword,288
keyword,289
keyword,290
keyword,291
keyword,292
keyword,293
keyword,294
keyword,295
keyword,296
keyword,297
keyword,298
keyword,299
keyword,300
keyword,301
keyword,302
keyword,303
keyword,304
keyword,305
keyword,306
keyword,307
keyword,308
keyword,309
keyword,310
keyword,311
keyword,312
keyword,313
keyword,314
keyword,315
keyword,316
keyword,317
keyword,318
keyword,319
keyword,320
keyword,321
keyword,322
keyword,323
keyword,324
keyword,325
keyword,326
keyword,327
keyword,328
keyword,329
keyword,330
keyword,331
keyword,332
keyword,333
keyword,334
keyword,335
keyword,336
keyword,337
keyword,338
keyword,339
keyword,340
keyword,341
keyword,342
keyword,343
keyword,344
keyword,345
keyword,346
keyword,347
keyword,348
keyword,349
keyword,350
keyword,351
keyword,352
keyword,353
keyword,354
keyword,355
keyword,356
keyword,357
keyword,358
keyword,359
keyword,360
keyword,361
keyword,362
keyword,363
keyword,364
keyword,365
keyword,366
keyword,367
keyword,368
keyword,369
keyword,370
keyword,371
keyword,372
keyword,373
keyword,374
keyword,375
keyword,376
keyword,377
keyword,378
keyword,379
keyword,380
keyword,381
keyword,382
keyword,383
keyword,384
keyword,385
keyword,386
keyword,387
keyword,388
keyword,389
keyword,390
keyword,391
keyword,392
keyword,393
keyword,394
keyword,395
keyword,396
keyword,397
keyword,398
keyword,399
keyword,400
keyword,401
keyword,402
keyword,403
keyword,404
keyword,405
keyword,406
keyword,407
keyword,408
keyword,409
keyword,410
keyword,411
keyword,412
keyword,413
keyword,414
keyword,415
keyword,416
keyword,417
keyword,418
keyword,419
keyword,420
keyword,421
keyword,422
keyword,423
keyword,424
keyword,425
keyword,426
keyword,427
keyword,428
keyword,429
keyword,430
keyword,431
keyword,432
keyword,433
keyword,434
keyword,435
keyword,436
keyword,437
keyword,438
keyword,439
keyword,440
keyword,441
keyword,442
keyword,443
keyword,444
keyword,445
keyword,446
keyword,447
keyword,448
keyword,449
keyword,450
keyword,451
keyword,452
keyword,453
keyword,454
keyword,455
keyword,456
keyword,457
keyword,458
keyword,459
keyword,460
keyword,461
keyword,462
keyword,463
keyword,464
keyword,465
keyword,466
keyword,467
keyword,468
keyword,469
keyword,470
keyword,471
keyword,472
keyword,473
keyword,474
keyword,475
keyword,476
keyword,477
keyword,478
keyword,479
keyword,480
keyword,481
keyword,482
keyword,483
keyword,484
keyword,485
keyword,486
keyword,487
keyword,488
keyword,489
keyword,490
keyword,491
keyword,492
keyword,493
keyword,494
keyword,495
keyword,496
keyword,497
keyword,498
keyword,499
keyword,500
keyword,501
keyword,502
keyword,503
keyword,504
keyword,505
keyword,506
keyword,507
keyword,508
keyword,509
keyword,510
keyword,511
keyword,512
keyword,513
keyword,514
keyword,515
keyword,516
keyword,517
keyword,518
keyword,519
keyword,520
keyword,521
keyword,522
keyword,523
keyword,524
keyword,525
keyword,526
keyword,527
keyword,528
keyword,529
keyword,530
keyword,531
keyword,532
keyword,533
keyword,534
keyword,535
keyword,536
keyword,537
keyword,538
keyword,539
keyword,540
keyword,541
keyword,542
keyword,543
keyword,544
keyword,545
keyword,546
keyword,547
keyword,548
keyword,549
keyword,550
keyword,551
keyword,552
keyword,553
keyword,554
keyword,555
keyword,556
keyword,557
keyword,558
keyword,559
keyword,560
keyword,561
keyword,562
keyword,563
keyword,564
keyword,565
keyword,566
keyword,567
keyword,568
keyword,569
keyword,570
keyword,571
keyword,572
keyword,573
keyword,574
keyword,575
keyword,576
keyword,577
keyword,578
keyword,579
keyword,580
keyword,581
keyword,582
keyword,583
keyword,584
keyword,585
keyword,586
keyword,587
keyword,588
keyword,589
keyword,590
keyword,591
keyword,592
keyword,593
keyword,594
keyword,595
keyword,596
keyword,597
keyword,598
keyword,599
keyword,600
keyword,601
keyword,602
keyword,603
keyword,604
keyword,605
keyword,606
keyword,607
keyword,608
keyword,609
keyword,610
keyword,611
keyword,612
keyword,613
keyword,614
keyword,615
keyword,616
keyword,617
keyword,618
keyword,619
keyword,620
keyword,621
keyword,622
keyword,623
keyword,624
keyword,625
keyword,626
keyword,627
keyword,628
keyword,629
keyword,630
keyword,631
keyword,632
keyword,633
keyword,634
keyword,635
keyword,636
keyword,637
keyword,638
keyword,639
keyword,640
keyword,641
keyword,642
keyword,643
keyword,644
keyword,645
keyword,646
keyword,647
keyword,648
keyword,649
keyword,650
keyword,651
keyword,652
keyword,653
keyword,654
keyword,655
keyword,656
keyword,657
keyword,658
keyword,659
keyword,660
keyword,661
keyword,662
keyword,663
keyword,664
keyword,665
keyword,666
keyword,667
keyword,668
keyword,669
keyword,670
keyword,671
keyword,672
keyword,673
keyword,674
keyword,675
keyword,676
keyword,677
keyword,678
keyword,679
keyword,680
keyword,681
keyword,682
keyword,683
keyword,684
keyword,685
keyword,686
keyword,687
keyword,688
keyword,689
keyword,690
keyword,691
keyword,692
keyword,693
keyword,694
keyword,695
keyword,696
keyword,697
keyword,698
keyword,699
keyword,700
keyword,701
keyword,702
keyword,703
keyword,704
keyword,705
keyword,706
keyword,707
keyword,708
keyword,709
keyword,710
keyword,711
keyword,712
keyword,713
keyword,714
keyword,715
keyword,716
keyword,717
keyword,718
keyword,719
keyword,720
keyword,721
keyword,722
keyword,723
keyword,724
keyword,725
keyword,726
keyword,727
keyword,728
keyword,729
keyword,730
keyword,731
keyword,732
keyword,733
keyword,734
keyword,735
keyword,736
keyword,737
keyword,738
keyword,739
keyword,740
keyword,741
keyword,742
keyword,743
keyword,744
keyword,745
keyword,746
keyword,747
keyword,748
keyword,749
keyword,750
keyword,751
keyword,752
keyword,753
keyword,754
keyword,755
keyword,756
keyword,757
keyword,758
keyword,759
keyword,760
keyword,761
keyword,762
keyword,763
keyword,764
keyword,765
keyword,766
keyword,767
keyword,768
keyword,769
keyword,770
keyword,771
keyword,772
keyword,773
keyword,774
keyword,775
keyword,776
keyword,777
keyword,778
keyword,779
keyword,780
keyword,781
keyword,782
keyword,783
keyword,784
keyword,785
keyword,786
keyword,787
keyword,788
keyword,789
keyword,790
keyword,791
keyword,792
keyword,793
keyword,794
keyword,795
keyword,796
keyword,797
keyword,798
keyword,799
keyword,800
keyword,801
keyword,802
keyword,803
keyword,804
keyword,805
keyword,806
keyword,807
keyword,808
keyword,809
keyword,810
keyword,811
keyword,812
keyword,813
keyword,814
keyword,815
keyword,816
keyword,817
keyword,818
keyword,819
keyword,820
keyword,821
keyword,822
keyword,823
keyword,824
keyword,825
keyword,826
keyword,827
keyword,828
keyword,829
keyword,830
keyword,831
keyword,832
keyword,833
keyword,834
keyword,835
keyword,836
keyword,837
keyword,838
keyword,839
keyword,840
keyword,841
keyword,842
keyword,843
keyword,844
keyword,845
keyword,846
keyword,847
keyword,848
keyword,849
keyword,850
keyword,851
keyword,852
keyword,853
keyword,854
keyword,855
keyword,856
keyword,857
keyword,858
keyword,859
keyword,860
keyword,861
keyword,862
keyword,863
keyword,864
keyword,865
keyword,866
keyword,867
keyword,868
keyword,869
keyword,870
keyword,871
keyword,872
keyword,873
keyword,874
keyword,875
keyword,876
keyword,877
keyword,878
keyword,879
keyword,880
keyword,881
keyword,882
keyword,883
keyword,884
keyword,885
keyword,886
keyword,887
keyword,888
keyword,889
keyword,890
keyword,891
keyword,892
keyword,893
keyword,894
keyword,895
keyword,896
keyword,897
keyword,898
keyword,899
keyword,900
keyword,901
keyword,902
keyword,903
keyword,904
keyword,905
keyword,906
keyword,907
keyword,908
keyword,909
keyword,910
keyword,911
keyword,912
keyword,913
keyword,914
keyword,915
keyword,916
keyword,917
keyword,918
keyword,919
keyword,920
keyword,921
keyword,922
keyword,923
keyword,924
keyword,925
keyword,926
keyword,927
keyword,928
keyword,929
keyword,930
keyword,931
keyword,932
keyword,933
keyword,934
keyword,935
keyword,936
keyword,937
keyword,938
keyword,939
keyword,940
keyword,941
keyword,942
keyword,943
keyword,944
keyword,945
keyword,946
keyword,947
keyword,948
movie_keyword,0
movie_keyword,119
movie_keyword,5614
movie_keyword,7232
movie_keyword,8912
movie_keyword,10834
movie_keyword,12148
movie_keyword,14425
movie_keyword,15393
movie_keyword,19845
movie_keyword,19846
movie_keyword,22505
movie_keyword,23262
name,0
name,182
name,254
name,584
name,642
name,684
name,791
name,823
name,844
name,1047
name,1135
name,1148
name,1233
name,1298
name,1390
name,1439
name,1456
name,1554
name,1562
name,1564
name,1565
name,1644
name,1663
name,1725
name,1731
name,1745
name,1818
name,1849
name,1877
name,1878
name,1956
name,2088
name,2110
name,2213
name,2397
name,2404
name,2411
name,2419
name,2476
name,2553
name,2584
name,2603
name,2612
name,2632
name,2677
name,2710
name,2765
name,2776
name,2887
name,2923
name,2924
name,2927
name,2946
name,3001
name,3273
name,3455
name,3585
name,3697
name,3717
name,3769
name,3819
name,3855
name,3920
name,3994
name,4001
name,4095
name,4166
name,4210
name,4232
name,4281
name,4305
name,4326
name,4361
name,4375
name,4428
name,4563
name,4591
name,4651
name,4657
name,4712
name,4746
name,4764
name,4771
name,4810
name,4849
name,4874
name,4968
name,5151
name,5225
name,5245
name,5299
name,5313
name,5440
name,5504
name,5532
name,5580
name,5585
name,5600
name,5823
name,5839
name,5848
name,5858
name,5883
name,5940
name,5949
name,5978
name,6062
name,6194
name,6322
name,6344
name,6375
name,6400
name,6487
name,6488
name,6496
name,6652
name,6698
name,6710
name,6728
name,6774
name,6860
name,6868
name,6882
name,6922
name,6946
name,7174
name,7253
name,7266
name,7285
name,7409
name,7458
name,7571
name,7603
name,7687
name,7703
name,7949
name,7990
name,8014
name,8045
name,8046
name,8169
name,8174
name,8189
name,8332
name,8358
name,8427
name,8441
name,8579
name,8680
name,8737
name,8755
name,8807
name,8834
name,8886
name,8895
name,8950
name,8987
name,9012
name,9038
name,9069
name,9160
name,9166
name,9170
name,9172
name,9208
name,9282
name,9342
name,9363
name,9437
name,9453
name,9516
name,9764
name,9800
name,9812
name,9833
name,10097
name,10118
name,10196
name,10198
name,10219
name,10241
name,10410
name,10429
name,10462
name,10465
name,10483
name,10499
name,10645
name,10655
name,10849
name,10927
name,10946
name,10958
name,11059
name,11143
name,11232
name,11342
name,11393
name,11420
name,11556
name,11617
name,11672
name,11713
name,11721
name,11746
name,11759
name,11854
name,11929
name,12014
name,12077
name,12147
name,12188
name,12190
name,12401
name,12403
name,12486
name,12512
name,12542
name,12658
name,12744
name,12842
name,12858
name,12882
name,12922
name,12938
name,12960
name,12963
name,12977
name,13076
name,13100
name,13316
name,13559
name,13586
name,13604
name,13605
name,13638
name,13722
name,13755
name,13775
name,13830
name,13916
name,14025
name,14036
name,14072
name,14289
name,14355
name,14483
name,14531
name,14547
name,14555
name,14669
name,14766
name,14781
name,14928
name,15193
name,15212
name,15333
name,15338
name,15365
name,15374
name,15418
name,15456
name,15597
name,15615
name,15661
name,15667
name,15722
name,15751
name,15788
name,15789
name,15817
name,15828
name,16115
name,16116
name,16118
name,16192
name,16207
name,16209
name,16221
name,16316
name,16337
name,16376
name,16583
name,16728
name,16736
name,16794
name,16961
name,17005
name,17021
name,17077
name,17125
name,17238
name,17317
name,17347
name,17356
name,17417
name,17446
name,17463
name,17486
name,17532
name,17539
name,17572
name,17599
name,17623
name,17665
name,17731
name,17733
name,17889
name,17995
name,18067
name,18087
name,18099
name,18115
name,18124
name,18221
name,18304
name,18436
name,18520
name,18586
name,18596
name,18711
name,18828
name,18837
name,18863
name,19008
name,19056
name,19114
name,19185
name,19199
name,19271
name,19280
name,19301
name,19328
name,19345
name,19406
name,19439
name,19467
name,19471
name,19501
name,19531
name,19613
name,19639
name,19844
name,19845
name,19877
name,19880
name,19905
name,19928
name,19999
name,20011
name,20025
name,20160
name,20331
name,20529
name,20587
name,20591
name,20771
name,20812
name,20827
name,20829
name,20865
name,20929
name,20939
name,20986
name,21049
name,21137
name,21289
name,21425
name,21556
name,21595
name,21646
name,21680
name,21774
name,21801
name,21825
name,21833
name,21852
name,21991
name,22113
name,22183
name,22218
name,22255
name,22319
name,22324
name,22371
name,22376
name,22393
name,22433
name,22447
name,22457
name,22485
name,22501
name,22593
name,22664
name,22675
name,22744
name,22745
name,22751
name,22795
name,22829
name,22831
name,22854
name,22979
name,23078
name,23170
name,23412
name,23527
name,23542
name,23609
name,23651
name,23787
name,23826
name,23861
name,23884
name,23988
name,24039
name,24231
name,24239
name,24300
name,24461
name,24535
name,24710
name,24784
name,24885
name,24921
name,25037
name,25043
name,25191
name,25842
name,25852
name,25940
name,26096
name,26158
name,26242
name,26273
name,26411
name,26482
name,26494
name,26803
name,26829
name,26848
name,26976
name,27040
name,27133
name,27658
name,27798
name,27824
name,27907
name,27973
name,28086
name,28239
name,28329
name,28693
name,28843
name,28878
name,29302
name,29372
name,29404
name,29423
name,29446
name,29743
name,29786
name,29844
name,29921
name,30069
name,30205
name,30244
name,30269
name,30371
name,30394
name,30401
name,30438
name,30446
name,30482
name,30543
name,30595
name,30928
name,30959
name,31311
name,31383
name,31397
name,31533
name,31564
name,31602
name,31988
name,32105
name,32143
name,32150
name,32178
name,32195
name,32207
name,32236
name,32379
name,32444
name,32507
name,32570
name,32642
name,32738
name,32742
name,32850
name,33022
name,33083
name,33108
name,33119
name,33149
name,33243
name,33344
name,33370
name,33468
name,33530
name,33820
name,33839
name,33942
name,33995
name,34031
name,34066
name,34180
name,34302
name,34373
name,34415
name,34552
name,34593
name,34615
name,34666
name,34742
name,34908
name,34933
name,34995
name,35244
name,35261
name,35294
name,35551
name,35626
name,35642
name,35690
name,35700
name,35719
name,35758
name,35763
name,35824
name,36044
name,36076
name,36184
name,36274
name,36275
name,36310
name,36317
name,36387
name,36435
name,36468
name,36538
name,36628
name,36636
name,36672
name,36696
name,36747
name,36801
name,36866
name,36950
name,36954
name,37051
name,37056
name,37076
name,37111
name,37135
name,37159
name,37195
name,37270
name,37302
name,37315
name,37380
name,37408
name,37503
name,37511
name,37521
name,37538
name,37562
name,37639
name,37642
name,37698
name,37762
name,37792
name,37806
name,37832
name,37897
name,37900
name,37958
name,38052
name,38072
name,38200
name,38229
name,38342
name,38371
name,38374
name,38555
name,38618
name,38643
name,38647
name,38672
name,38716
name,38736
name,38793
name,38907
name,38945
name,39066
name,39076
name,39107
name,39163
name,39184
name,39206
name,39316
name,39507
name,39564
name,39593
name,39710
name,39717
name,39759
name,39861
name,40128
name,40200
name,40201
name,40241
name,40336
name,40349
name,40543
name,40544
name,40545
name,40574
name,40582
name,40664
name,40676
name,40725
name,40754
name,40762
name,40777
name,40870
name,40908
name,40930
name,40984
name,41018
name,41468
name,41610
name,41814
name,41829
name,42101
name,42282
name,42354
name,42536
name,42805
name,43160
name,43354
name,43490
name,43575
name,43974
name,43999
name,44098
name,44159
name,45318
name,45681
name,45748
name,45993
name,46363
name,46457
name,46687
name,46804
name,46805
name,46940
name,46958
name,46959
name,46969
name,47070
name,47077
name,47085
name,47669
name,47681
name,47685
name,47715
name,47735
name,47746
name,47792
name,47868
name,47890
name,47983
name,47988
name,48018
name,48051
name,48075
name,48150
name,48165
name,48206
name,48236
name,48258
name,48260
name,48265
name,48270
name,48278
name,48284
name,48306
name,48311
name,48316
name,48331
name,48351
name,48370
name,48382
name,48428
name,48439
name,48453
name,48481
name,48512
name,48513
name,48520
name,48542
name,48557
name,48567
name,48602
name,48652
name,48664
name,48690
name,48699
name,48725
name,48773
name,48794
name,48830
name,48856
name,48875
name,48898
name,48907
name,48909
name,48928
name,48929
name,48939
name,48978
name,48980
name,48996
name,49004
name,49016
name,49034
name,49046
name,49062
name,49069
name,49083
name,49104
name,49132
name,49147
name,49159
name,49192
name,49199
name,49218
name,49235
name,49259
name,49260
name,49269
name,49309
name,49322
name,49339
name,49349
name,49358
name,49387
name,49407
name,49472
name,49511
name,49536
name,49544
name,49565
name,49586
name,49609
name,49655
name,49656
name,49683
name,49714
name,49715
name,49744
name,49781
name,49803
name,49817
name,49937
name,49950
name,50021
name,50039
name,50041
name,50087
name,50118
name,50143
name,50225
name,50240
name,50242
name,50312
name,50326
name,50352
name,50357
name,50413
name,50466
name,50470
name,50493
name,50509
name,50541
name,50560
name,50562
name,50589
name,50590
name,50686
name,50692
name,50766
name,50795
name,50803
name,50847
name,50859
name,50902
name,50910
name,50916
name,50923
name,50944
name,50947
name,50991
name,51075
name,51078
name,51082
name,51112
name,51120
name,51131
name,51208
name,51262
name,51264
name,51269
name,51271
name,51274
name,51310
name,51320
name,51350
name,51431
name,51453
name,51455
name,51459
name,51472
name,51475
name,51495
name,51537
name,51544
name,51549
name,51570
name,51573
name,51634
name,51657
name,51660
name,51662
name,51677
name,51680
name,51685
name,51744
name,51745
name,51750
name,51769
name,51782
name,51809
name,51819
name,51821
name,51824
name,51866
name,51909
name,51928
name,52009
name,52025
name,52037
name,52041
name,52052
name,52057
name,52062
name,52067
name,52096
name,52097
name,52100
name,52158
name,52172
name,52189
name,52197
name,52201
name,52224
name,52277
name,52287
name,52309
name,52312
name,52341
name,52353
name,52360
name,52389
name,52396
name,52410
name,52462
name,52529
name,52534
name,52544
name,52558
name,52591
name,52612
name,52618
name,52658
name,52666
name,52683
name,52784
name,52788
name,52801
name,52843
name,52850
name,52864
name,52908
name,52914
name,52933
name,52934
name,52976
name,52982
name,53014
name,53021
name,53022
name,53029
name,53034
name,53058
name,53092
name,53110
name,53144
name,53163
name,53171
name,53174
name,53189
name,53195
name,53206
name,53210
name,53241
name,53262
name,53275
name,53276
name,53278
name,53288
name,53312
name,53370
name,53422
name,53450
name,53451
name,53456
name,53510
name,53516
name,53530
name,53531
name,53534
name,53540
name,53556
name,53593
name,53594
name,53607
name,53610
name,53614
name,53622
name,53659
name,53670
name,53673
name,53698
name,53699
name,53704
name,53706
name,53710
name,53771
name,53786
name,53815
name,53824
name,53832
name,53837
name,53844
name,54201
pg_aggregate,0
pg_am,0
pg_amop,0
pg_amop,1
pg_amop,2
pg_amop,3
pg_amop,4
pg_amproc,0
pg_amproc,1
pg_amproc,2
pg_amproc,3
pg_amproc,4
pg_cast,0
pg_cast,1
pg_index,0
pg_index,1
pg_index,2
pg_index,3
pg_index,4
pg_namespace,0
pg_opclass,0
pg_opclass,1
pg_operator,0
pg_operator,1
pg_operator,2
pg_operator,6
pg_rewrite,12
pg_statistic,0
pg_statistic,5
pg_statistic,12
pg_statistic,25
pg_statistic,26
pg_statistic,28
pg_statistic,31
pg_statistic,35
pg_statistic,38
pg_statistic,44
title,0
title,1
title,2099
title,24500
title,25779
title,26448
title,27627
title,27963
title,30621
title,30651
title,31166
title,31419
title,33506
title,34009
title,34989
title,35282
